Price,Price/Earnings,Dividend Yield,Earnings/Share,Market Cap,EBITDA,Price/Sales,Price/Book,52 week low ratio,52 week high ratio
222.89,24.31,2.3328617,7.92,138721055226.0,9048000000.0,4.3902707,11.34,1.1654627843330791,0.7873390461662705
60.24,27.76,1.1479592,1.7,10783419933.0,601000000.0,3.5754826,6.35,1.1352921646746348,0.8121679946879149
56.27,22.51,1.9089824,0.26,102121042306.0,5744000000.0,3.7404804,3.19,1.1480362537764348,0.751377288075351
108.48,19.41,2.4995599,3.29,181386347059.0,10310000000.0,6.291571,26.14,1.1602138643067845,0.5535582595870207
150.51,25.47,1.7144699,5.44,98765855553.0,5643228000.0,2.604117,10.62,1.080326888578832,0.7628728988107103
65.83,31.8,0.43190324,1.28,52518668144.0,2704000000.0,10.59512,5.16,1.1384627069725048,0.5913717150235455
145.41,18.22,0.35118526,7.43,6242377704.0,587800000.0,1.7953473,3.55,1.5498246337940995,0.9765490681521216
185.16,52.31,0.0,3.39,94550214268.0,2538040000.0,13.092818,11.06,1.1041801685029164,0.6181194642471376
109.63,19.54,0.21832074,6.19,8123611867.0,853941000.0,1.1301061,2.51,1.5465657210617534,0.7188725713764481
11.22,187.0,0.0,0.03,11191663795.0,339000000.0,2.1091955,21.47,1.3948306595365418,0.8645276292335115
10.06,9.96,4.961832,-1.72,6920851212.0,3001000000.0,0.65951383,2.2,1.1978131212723657,0.9940357852882703
178.0,18.11,1.101989,5.75,59197016353.0,4139000000.0,0.9923546,3.79,1.0921348314606742,0.6714044943820225
179.11,12.24,0.6387395,12.07,10442174371.0,1261400000.0,4.591235,2.89,1.2115180615264363,0.8308302160683378
83.25,12.24,2.4299066,11.01,33422948000.0,0.0,1.5429344,1.53,1.1018618618618619,0.8264264264264264
65.05,27.45,0.8756979,2.1,21984606918.0,1094000000.0,6.493563,4.56,1.1529592621060722,0.7568024596464258
152.8,24.22,2.7811136,13.66,34638387128.0,2542500000.0,4.1163683,3.35,1.1464005235602093,0.8745425392670156
62.49,32.55,0.0,1.79,10906904066.0,789517000.0,5.8546524,3.25,1.1131381020963353,0.7145143222915666
64.04,9.66,1.9928383,8.28,7903173734.0,1665000000.0,0.9801092,2.21,1.5838538413491567,0.925202998126171
105.18,26.03,1.2004126,5.66,11782151266.0,686030000.0,5.3666205,2.98,1.3784940102681118,0.8590036128541547
114.58,19.03,3.0262272,1.57,12043374429.0,0.0,10.492155,2.07,1.172717751789143,0.932885320300227
108.47,22.18,0.0,1.77,26172439795.0,1072000000.0,9.720562,2.82,1.3767862081681572,0.8866967825205126
220.71,56.59,0.0,2.84,18788041378.0,380326000.0,13.138819,16.44,1.3017987404286167,0.41960038058991433
77.32,21.07,0.8004002,2.37,7599609494.0,531800000.0,4.265232,20.48,1.161536471805484,0.8629073978272116
164.2,10.65,1.643289,38.35,56668833898.0,-2888100000.0,4.820115,0.83,1.5639464068209503,0.9748477466504263
240.6,13.02,0.9240122,14.13,13632608582.0,2143200000.0,1.7282298,8.28,1.1568162926018288,0.8686616791354946
37.14,19.86,3.5733333,1.65,8670163500.0,1168400000.0,3.4331481,2.13,1.2264404954227248,0.9919224555735058
90.06,13.26,1.5278208,4.68,34759468905.0,0.0,1.2085556,1.67,1.1698867421718853,0.86309127248501
1007.71,31.48,0.0,22.27,733823966137.0,34217000000.0,6.801692,4.7,1.1888340891724802,0.8179932718738525
1001.52,40.29,0.0,22.27,728535558140.0,32714000000.0,6.772653,4.67,1.1850886652288524,0.8019713036184999
64.05,18.89,3.9526875,5.31,126985101434.0,10773000000.0,4.945682,10.32,1.214519906323185,0.9369242779078845
1350.5,296.16,0.0,6.16,685873374731.0,16132000000.0,3.927053,24.28,1.1092188078489449,0.6016290262865606
52.59,20.38,3.4404964,2.68,12905744906.0,2298000000.0,2.693119,1.79,1.2338847689674843,0.9851682829435253
48.6,9.92,0.7782101,3.91,24594852352.0,5761000000.0,0.58022565,6.03,1.2156378600823046,0.8067901234567901
63.38,17.32,3.8479443,1.24,31701916517.0,4450800000.0,2.7489934,1.81,1.231776585673714,0.989113284947933
88.34,15.0,1.4955667,2.9,80410990000.0,0.0,2.273575,3.75,1.158988000905592,0.8547656780620331
58.28,23.22,2.1167521,-0.76,54360073164.0,0.0,1.4686536,0.75,1.1547700754975978,0.9926218256691832
133.57,20.68,2.0,1.97,59213892640.0,3792383000.0,11.954137,9.22,1.162536497716553,0.7738264580369844
76.06,26.23,2.129297,2.63,13906146184.0,1711000000.0,5.553833,2.55,1.2144359716013673,0.9451748619510912
152.5,12.41,2.0735743,9.44,23472126000.0,0.0,1.9493247,3.73,1.2059016393442623,0.7792786885245901
91.55,15.54,1.6132456,1.64,20587704101.0,991884000.0,0.17396984,9.73,1.1607864554888039,0.7853631895139269
72.05,27.61,0.75512403,2.94,17139651923.0,1025763000.0,4.015368,4.54,1.0896599583622486,0.712144344205413
173.12,13.76,2.9751508,2.57,128133340000.0,11945000000.0,5.58192,3.91,1.16237292051756,0.8789279112754158
84.44,25.9,0.8608971,2.05,26955335395.0,1671700000.0,3.85675,6.64,1.1087162482235908,0.796541923259119
56.2,-21.29,1.7029973,-5.9,32129091747.0,3115000000.0,3.9682212,2.88,1.2455516014234875,0.7110320284697509
82.68,17.67,2.108963,2.11,31811578855.0,1663384000.0,8.00391,3.13,1.1898887276245764,0.9028785679729076
96.9,18.78,2.3454583,6.13,15696449735.0,2548000000.0,0.6618165,1.7,1.2560371517027862,0.7751289989680082
148.84,42.53,0.0,2.99,13155919129.0,458515000.0,16.8134,5.79,1.1079011018543403,0.6350443429185703
230.57,19.23,1.2581781,14.36,61221978627.0,0.0,0.6696521,2.28,1.1621199635685475,0.6800971505399662
136.05,20.8,1.0245464,4.66,35123123422.0,1858000000.0,3.4972682,6.78,1.1229694965086365,0.8321947813303932
37.73,-251.53,2.528445,-3.72,15066280977.0,3265000000.0,3.651366,2.22,1.5345878611184736,1.0108666843360723
38.21,15.6,3.876562,1.95,6156884142.0,874871000.0,6.187621,4.69,1.2262496728605077,1.0167495420047108
155.15,16.86,1.5795412,9.2,809508034020.0,79386000000.0,3.4586093,5.66,1.160812117305833,0.8451176281018369
45.75,14.08,0.8215239,3.17,51296481503.0,4336000000.0,4.7020154,5.44,1.330928961748634,0.7558469945355191
89.27,69.74,0.9392678,5.05,24906530300.0,2370000000.0,1.5025798,7.56,1.085583062619021,0.9294275792539487
41.35,17.45,3.1761081,2.17,23594770663.0,2927000000.0,0.52478915,1.29,1.147279322853688,0.9332527206771464
24.45,20.21,0.9561753,-0.21,12123300000.0,1517000000.0,0.94214815,,1.2748466257668714,0.8897750511247443
64.4,21.05,2.4807138,2.54,11968488290.0,888000000.0,1.9400215,2.92,1.0954968944099377,0.8327639751552794
85.16,33.27,2.5313594,9.08,4653993594.0,0.0,0.9821866,1.12,1.2562822921559418,1.0088069516204792
35.57,12.14,5.4156513,4.76,226713270000.0,49653000000.0,1.4083152,1.8,1.2004498172617375,0.9150969918470621
104.81,-77.07,0.0,-2.61,24348294504.0,-378100000.0,16.50682,224.13,1.2508348440034347,0.779982826066215
108.25,29.34,2.2190912,3.85,50337702249.0,2767400000.0,4.0483294,12.86,1.1569515011547344,0.8822170900692841
718.57,16.31,0.0,44.09,19922021415.0,2347304000.0,1.8510429,136.23,1.110385905339772,0.6834824721321513
154.94,17.97,3.7149355,6.36,21856547430.0,1331579000.0,10.251216,2.12,1.2877242803665936,1.0069058990576998
110.77,22.11,1.5682175,3.11,10104814319.0,831200000.0,1.5206499,8.83,1.1164575246005237,0.7084138304595108
27.5,305.56,2.4991322,-0.31,32995712852.0,285000000.0,1.9390045,2.25,2.099272727272727,1.0192727272727273
38.44,20.56,1.0170354,0.85,13767688518.0,1317000000.0,1.5696399,3.62,1.1248699271592093,0.9261186264308013
29.74,16.34,1.536,1.55,321478200969.0,0.0,3.2011874,1.24,1.0985205110961669,0.7420981842636181
62.56,25.12,0.97635394,1.29,35713732553.0,1832000000.0,3.4394414,3.77,1.160166240409207,0.769661125319693
51.07,16.26,2.4526198,2.74,42087562920.0,0.0,3.4552107,1.55,1.0963383591149403,0.8061484237321324
211.44,22.28,1.3518385,4.65,50910180308.0,1537000000.0,5.6912947,3.98,1.174748391978812,0.830779417328793
191.42,30.43,0.0,9.76,261401203633.0,0.0,1.4328232,1.58,1.1368718002298612,0.8407167485111274
68.79,19.22,1.9085041,3.81,20831186176.0,2555000000.0,0.76715523,4.79,1.1424625672336095,0.6057566506759703
311.79,14.3,0.0,11.94,69157726427.0,6511400000.0,5.737439,5.51,1.1885243272715609,0.7834760576028736
509.38,22.49,2.1643558,30.3,85907759858.0,5684000000.0,6.9158196,2.95,1.1671443715889904,0.7224468962267855
25.19,12.29,3.7296038,1.92,5381433872.0,894754000.0,2.0188456,205.41,1.2624057165541882,0.7880111155220326
329.66,27.29,1.9648397,13.47,205617405233.0,12476000000.0,2.1560605,182.86,1.096432688224231,0.4965418916459382
51.94,14.15,1.2363636,0.55,11596117445.0,867900000.0,1.5831376,2.89,1.1209087408548326,0.7227570273392376
112.09,18.05,2.7744062,2.93,17799878487.0,1546846000.0,6.839459,3.15,1.2501561245427781,0.9980372914622179
25.2,20.0,0.0,0.07,36142506007.0,1726000000.0,4.055685,4.78,1.1876984126984127,0.9242063492063493
55.44,22.63,0.0,-24.62,7066613254.0,0.0,1.4188358,0.51,1.352813852813853,0.951497113997114
62.69,20.83,2.5546863,2.65,102506501960.0,5170000000.0,6.503231,6.75,1.0543946402935076,0.8154410591800925
229.57,15.94,2.9488583,4.01,92791974933.0,7016000000.0,6.961893,4.4,1.2444134686587969,0.8825630526636756
63.33,37.04,1.1216964,1.7,5498033502.0,1139000000.0,1.8411398,12.36,1.103786515079741,0.7171166903521238
90.47,26.0,1.987685,3.57,12932483889.0,868096000.0,0.85282737,9.31,1.107328396153421,0.7008953244169338
32.66,14.32,3.0,1.85,14175422936.0,1613000000.0,3.3742425,2.44,1.1194121249234539,0.932333129210043
23.01,60.55,1.0269576,-0.92,10808821635.0,404951000.0,8.636729,4.21,1.2850934376358105,0.9300304215558451
36.82,34.09,0.0,0.74,10890625200.0,455607000.0,5.751737,10.98,1.249321021184139,0.7878870179250408
44.83,14.84,3.125,2.89,13467193376.0,1683000000.0,2.3898203,7.91,1.4327459290653581,0.9703323667187151
91.8,11.85,1.6306564,3.45,47637260000.0,0.0,1.5931405,0.94,1.1601307189542485,0.8284313725490196
66.63,12.29,2.8394227,4.04,20493281175.0,1913000000.0,0.21131156,3.03,1.2739006453549453,0.820351193156236
64.34,19.44,0.0,3.97,11827453706.0,1339628000.0,0.6913859,3.55,1.2067143301212309,0.843798570096363
66.76,17.48,2.6041667,3.58,49180044050.0,4711000000.0,2.8147783,2.0,1.0889754343918514,0.8201018573996405
145.99,21.22,2.0215108,1.26,91822049046.0,8136000000.0,2.0468428,5.75,1.18665662031646,0.6188095075005137
111.15,35.06,0.9426963,2.27,12998295607.0,488406000.0,8.249042,5.15,1.2464237516869094,0.6905083220872694
41.92,15.82,0.0,1.69,14440591731.0,1652961000.0,1.4622321,3.74,1.1116412213740459,0.7259064885496183
51.8,12.05,1.3473054,2.81,20431395736.0,2841000000.0,2.1055017,6.91,1.3531853281853283,1.0183397683397684
91.02,13.27,0.0,3.58,74921079154.0,5233000000.0,5.830071,7.49,1.616897385190068,1.0201054713249835
100.36,19.12,0.0,3.23,18012494506.0,2063000000.0,0.5028663,2.58,1.12016739736947,0.6479673176564369
25.85,19.73,4.2109256,1.0,11362043297.0,2337000000.0,1.6262617,3.21,1.1779497098646035,0.9868471953578336
16.2,8.35,12.661196,1.16,18237196861.0,5577000000.0,1.4795984,1.39,1.704320987654321,0.8124074074074075
61.22,27.09,0.0,1.84,21101697598.0,1523440000.0,5.5560412,4.62,1.206468474354786,0.8373358379614505
37.46,-59.46,3.0395136,-1.2,9209106695.0,711000000.0,3.0044448,2.81,1.174052322477309,0.6684463427656167
48.9,29.82,0.76878726,1.61,69750188843.0,0.0,7.949615,4.51,1.1503067484662577,0.7599182004089979
348.65,162.92,0.0,34.08,86708878113.0,14694000000.0,2.1208634,2.27,1.1726086332998709,0.8842678904345332
2.82,4.7,0.0,-6.44,2626102121.0,1470000000.0,0.40765184,1.84,2.3368794326241136,0.9929078014184397
112.3,27.52,3.885853,4.85,218978820159.0,28877000000.0,1.6489863,1.71,1.1921638468388245,0.9131789848619768
266.01,45.86,0.0,0.8,7685283970.0,401293000.0,2.5523853,6.11,1.8758693282207437,0.988684635915943
140.39,17.5,1.9251627,8.2,68424670566.0,0.0,2.0985637,1.35,1.1218747774057982,0.9272027922216682
47.38,24.42,1.8366054,2.92,11838963451.0,868000000.0,3.1682448,6.28,1.1435183621781342,0.9119881806669481
189.27,18.11,0.020466639,7.2,47680910480.0,0.0,1.550762,3.39,1.2000317007449675,0.7498811222063718
100.19,26.37,0.30214334,-4.64,10089082025.0,1061056000.0,7.556446,4.28,1.3605150214592274,0.8932029144625212
70.34,27.48,2.918904,3.55,11916533018.0,0.0,2.756679,1.6,1.1654819448393516,0.9701450099516632
149.32,32.75,1.0344827,4.38,16676145923.0,1097295000.0,2.7614057,6.53,1.1382266273774446,0.7620546477364051
38.77,17.87,2.8755577,1.91,199425716482.0,15447000000.0,5.484418,3.07,1.1085891152953313,0.7830797007995872
71.87,13.48,1.7068943,-3.1,192709302000.0,0.0,2.1857586,0.9,1.122860720745791,0.7811326005287323
42.19,16.04,1.9625335,3.27,22008050974.0,0.0,3.3917346,1.08,1.1431618867030102,0.7468594453662006
84.53,20.37,0.0,-0.24,13199167493.0,810268000.0,4.7538714,6.73,1.1238613509996451,0.8675570803265112
153.04,32.15,3.6828613,11.94,54423298745.0,2851800000.0,14.881806,2.51,1.0650810245687403,0.7502456874019865
41.77,21.42,3.3918407,1.99,11873960824.0,2099000000.0,2.4711676,2.65,1.217380895379459,0.9832415609288963
43.1,22.8,3.3213644,1.49,189855335601.0,8589000000.0,6.822138,8.65,1.1279582366589327,0.9331786542923434
75.16,22.44,1.0454783,2.54,45119684067.0,2946000000.0,3.9678397,3.94,1.0548163916977116,0.7285790313996807
68.95,24.02,2.2801766,2.28,61616643498.0,4064000000.0,4.000737,236.42,1.12994923857868,0.9609862218999276
38.19,18.54,1.8929017,4.74,186476996883.0,28675000000.0,2.1797748,2.65,1.1521340665095576,0.9107096098455094
89.18,18.89,1.2823253,4.13,16274969256.0,0.0,4.905472,1.96,1.1009194886745908,0.71809822830231
35.49,18.2,2.3683476,1.46,14379717835.0,1281200000.0,1.8294994,3.86,1.174415328261482,0.9061707523245983
140.09,84.39,0.0,-11.04,22021882339.0,2151190000.0,12.271951,2.61,1.1628952816046827,0.7618673709758013
53.24,72.93,2.049254,-0.65,65482462410.0,5328000000.0,2.0764177,2.16,1.151671675432006,0.7938580015026295
74.73,18.64,3.8001595,4.1,23335777662.0,4288000000.0,2.960244,1.58,1.2003211561621838,0.971898835808912
208.73,30.92,0.9712818,8.71,41697453163.0,3033300000.0,5.145596,5.14,1.0995065395486994,0.7282613903128443
28.45,16.45,2.0791416,-0.78,25759280346.0,2970000000.0,2.544682,1.71,1.233743409490334,0.924780316344464
178.61,30.69,1.0917627,6.09,80439804508.0,5679000000.0,0.61203885,7.24,1.1190862773640893,0.8398185991825765
19.96,24.64,2.860412,-0.63,13101112504.0,211400000.0,2.0061796,1.37,1.0608717434869739,0.7134268537074148
103.81,21.45,3.862069,1.02,44183023189.0,2292600000.0,10.125291,3.54,1.1075040940179173,0.8373952413062326
30.85,15.12,1.275917,1.83,5134501276.0,543000000.0,1.3324839,11.37,1.0952998379254457,0.8875202593192868
50.47,21.94,1.5102888,6.07,47340511707.0,5003000000.0,4.216355,4.27,1.1896175946106597,0.8997424212403408
165.73,16.83,2.5008683,8.23,28669230787.0,2924000000.0,1.9406168,3.89,1.1716647559283173,0.867857961745007
70.55,12.36,2.6899798,4.91,75323141722.0,11704000000.0,0.549852,2.13,1.190644932671864,0.9418851878100639
44.55,16.32,1.0801469,2.73,17390873686.0,1691000000.0,1.1931022,2.17,1.1968574635241302,0.6592951739618407
92.16,22.87,0.5879265,3.53,66351150000.0,4339800000.0,3.688278,2.65,1.1373697916666667,0.8568793402777778
91.33,22.72,2.6503997,3.81,11745595320.0,997600000.0,1.5278828,5.89,1.0961348954341399,0.785065148363079
71.91,20.55,0.0,4.3,13685178000.0,2252294000.0,1.1451397,2.79,1.1223751912112363,0.7302183284661382
153.66,23.14,1.4866204,6.64,52186628646.0,4053300000.0,2.3746448,5.31,1.1190941038656776,0.6945203696472733
51.23,10.37,2.2655525,4.94,38393603535.0,8348000000.0,0.91792434,2.67,1.186609408549678,0.8551629904352919
56.85,22.65,0.60034305,1.99,13390513478.0,-411100000.0,4.626262,1.8,1.213368513632366,0.9240985048372911
34.94,23.93,0.6528836,-6.89,19317380000.0,3723000000.0,2.0660408,2.85,1.35231825987407,0.8241184888380081
98.96,16.55,3.5710857,2.19,21400952517.0,1260662000.0,12.434961,2.32,1.2856709781729994,1.0216350040420372
72.4,12.13,1.8269607,5.41,27433540000.0,0.0,2.3610325,2.52,1.1316298342541438,0.7941988950276242
22.87,11.0,0.0,1.96,8763756733.0,2100000000.0,1.804088,1.5,1.3226934849147354,0.6991692173152602
21.58,10.37,0.0,1.96,8320262123.0,2100000000.0,1.7147918,1.43,1.3521779425393885,0.6946246524559778
43.77,16.09,0.0,3.06,21032719056.0,2754331000.0,1.8521843,3.76,1.5193054603609777,0.9705277587388621
95.1,21.18,1.0625255,4.43,26580644874.0,2457604000.0,1.5283886,4.53,1.1127234490010516,0.6936908517350158
101.58,26.66,0.0,3.77,25151198417.0,2430300000.0,1.6097589,4.08,1.1483559755857453,0.646091750344556
73.31,20.42,4.5281997,4.91,47543571860.0,6428000000.0,3.7954214,2.96,1.163552039285227,0.976537989360251
96.2,23.87,1.8815053,5.15,15566645713.0,1513291000.0,1.986176,3.59,1.1336798336798337,0.7849272349272349
68.21,49.43,2.1529746,1.59,165203312427.0,5250000000.0,2.6922395,1.54,1.1300395836387627,0.9384254508136638
116.93,26.57,1.9661016,4.54,21209783858.0,1507000000.0,4.2149186,9.99,1.0831266569742581,0.7117933806550928
98.49,19.12,3.5559585,4.82,17808073691.0,2790000000.0,1.9091922,1.95,1.1852979997969337,0.9804041019392833
74.32,16.7,4.7849464,3.12,52078185682.0,9895000000.0,2.9348857,1.27,1.2351991388589882,0.9812970936490852
24.52,19.77,3.1533308,0.88,9035293365.0,529483000.0,16.077257,1.94,1.2292006525285482,1.0085644371941274
91.92,79.93,0.7493755,-0.89,27408621020.0,1628000000.0,1.9598055,2.26,1.1199956483899043,0.7371627502175806
48.48,22.14,0.0,2.15,13754977266.0,0.0,5.689136,2.15,1.155115511551155,0.6652227722772278
93.57,12.28,2.2630835,10.12,14226830813.0,2152000000.0,1.4904785,2.78,1.1123223255316876,0.8124398845783906
79.41,17.08,2.9404557,6.68,35961772000.0,4253000000.0,1.8161736,2.17,1.1314695882130714,0.8745749905553457
41.02,24.86,0.0,-1.07,44216696399.0,2941000000.0,4.6720185,3.8,1.1455387615797172,0.7774256460263286
127.76,28.08,1.2319711,4.14,38460272282.0,2848600000.0,3.7360687,5.28,1.099718221665623,0.9362085159674389
58.07,13.23,4.0542803,3.96,19447670886.0,4284000000.0,2.161095,1.59,1.435853280523506,1.011882211124505
123.78,32.57,0.0,2.88,27447099863.0,1156700000.0,7.8283277,8.48,1.1187590887057681,0.7206333818064308
116.54,34.48,0.0,3.07,37890226992.0,1560000000.0,7.4415817,8.54,1.1241633773811566,0.6973571305989359
66.4,25.74,2.813225,2.35,44040298425.0,2542000000.0,3.6707752,5.01,1.121234939759036,0.8549698795180722
72.02,10.65,4.892126,-3.26,13116894887.0,880700000.0,1.5543115,1.54,1.2211885587336853,0.9668147736739794
35.34,10.91,0.0,-0.48,4212729247.0,827200000.0,1.227099,0.64,2.0656479909451044,0.6726089417091115
101.04,246.44,0.63339007,-1.98,61164030149.0,3692749000.0,8.02302,4.55,1.1777513855898654,0.81146080760095
46.25,53.16,0.2518363,-2.69,12638828950.0,1518305000.0,6.4987307,2.15,1.4668108108108109,1.0190270270270272
114.0,19.03,1.3265306,4.04,14121334618.0,1141200000.0,5.6338058,4.59,1.2896491228070177,0.7957894736842105
409.98,23.06,1.8775817,1.77,33333813618.0,1687152000.0,10.639136,5.14,1.208217474023123,0.8827259866334942
55.26,17.6,3.5437918,1.63,20925508143.0,1710686000.0,8.593619,2.09,1.274972855591748,1.014657980456026
218.28,18.66,3.2138102,6.27,14383525286.0,1237886000.0,14.1830845,2.3,1.2371266263514753,0.9805295950155763
131.46,37.78,1.1283498,3.35,49543264457.0,2478000000.0,3.9522583,10.82,1.055378061767838,0.621405750798722
241.06,27.24,2.1078234,23.71,10131892523.0,0.0,2.0991988,1.16,1.1497967311042894,0.8662158798639343
56.11,18.22,3.3397784,2.96,18027633617.0,2738713000.0,3.1134193,1.68,1.1789342363215114,0.9837818570664766
35.98,14.51,3.8174274,1.23,34734816899.0,8548000000.0,1.3933871,1.26,1.1859366314619235,0.9255141745414119
123.03,30.99,0.92785895,1.81,19722178609.0,1481458000.0,2.5074897,4.14,1.3086239128667805,0.9392018206941396
60.36,25.26,1.3520038,2.36,11040678071.0,721643000.0,2.190319,5.55,1.1189529489728298,0.8608349900596421
73.35,10.72,0.0,5.39,42449656350.0,7309300000.0,0.57588416,2.65,1.1381731424676211,0.7607361963190185
77.56,18.12,3.879632,2.92,10133547517.0,717468000.0,12.204818,4.54,1.141825683341929,0.9198040226921094
76.07,21.37,4.0031195,1.88,326148660000.0,39052000000.0,1.7701944,1.85,1.1739187590377285,0.9997370842644933
137.25,21.21,0.0,6.51,8744185796.0,629940000.0,4.1203604,6.86,1.0892531876138434,0.835191256830601
171.58,27.9,0.0,5.39,523423036576.0,23624000000.0,13.241967,7.08,1.1383611143489916,0.7718848350623615
52.15,27.02,2.7798648,2.01,15311373377.0,1009600000.0,3.472977,7.39,1.1086289549376798,0.7629913710450623
108.11,18.35,3.5925992,3.5,8077368506.0,540767000.0,12.898601,3.98,1.330034224401073,1.0150772361483673
239.27,19.45,0.7963368,11.07,67280478816.0,8062000000.0,1.0751684,3.9,1.1479082208383835,0.7643666151209929
92.74,22.08,1.322724,1.72,32308459680.0,2782000000.0,4.7038417,3.25,1.1176407159801598,0.837071382359284
31.1,16.9,1.9789734,2.85,22437653700.0,0.0,2.8802848,1.46,1.0903536977491959,0.7459807073954984
30.64,11.18,4.673807,-14.49,13706075072.0,-5067000000.0,1.2994481,2.19,1.1494778067885116,0.9115535248041775
133.05,27.32,0.0,4.14,26918949723.0,1911000000.0,6.518713,11.54,1.08380308154829,0.798196166854566
46.46,25.53,1.2396694,1.21,6706992926.0,375267000.0,5.137961,3.52,1.1381833835557469,0.7264313387860525
40.82,26.17,1.8291216,1.12,5427884956.0,463066000.0,2.0803037,3.15,1.2719255267025968,0.9189122978931895
55.31,19.9,1.4726508,1.99,7978485059.0,709756000.0,0.5516402,2.4,1.1225818116073043,0.669591393961309
80.87,32.48,0.785995,1.56,11273961835.0,557800000.0,6.0089035,5.26,1.2204773092617782,0.6990231235315939
45.88,9.5,2.5827951,4.91,5819080328.0,957000000.0,1.0362948,,1.6970357454228422,0.6194420226678291
10.43,5.89,6.7843866,1.9,42414328338.0,9281000000.0,0.27054095,1.26,1.2924256951102588,0.9769894534995206
69.14,25.05,0.39057052,2.46,24916503061.0,1508300000.0,5.1682673,7.17,1.1090540931443449,0.7938154469192942
62.44,20.27,1.2618296,3.04,9624169008.0,814500000.0,1.8434572,3.76,1.1790518898142217,0.8848494554772582
38.0,12.67,2.332657,3.0,21759187973.0,2711300000.0,3.399101,1.83,1.2539473684210527,0.9739473684210526
17.16,14.67,1.1198208,1.24,25853969330.0,5347000000.0,1.6538345,3.66,1.18006993006993,0.6439393939393939
31.17,15.35,2.8203557,1.69,12684517721.0,1959000000.0,1.1289738,3.93,1.1446904074430542,0.6743663779274943
61.13,21.23,3.2339885,2.69,11840331607.0,736798000.0,5.319881,3.14,1.0626533616882052,0.7933911336495992
114.26,36.86,0.0,2.31,10828314389.0,234935000.0,4.894499,13.47,1.2441799404866094,0.8573429021529844
206.05,20.71,1.5631542,9.55,64180390701.0,4618000000.0,2.0481362,5.45,1.1140014559572917,0.8829895656394079
14.45,13.76,3.147541,-0.72,132249296250.0,-206000000.0,1.0887611,1.7,2.1169550173010383,1.0179930795847751
21.62,13.86,4.005462,1.34,21018887283.0,1740540000.0,17.003777,2.57,1.1896392229417205,0.8709528214616095
53.99,17.53,3.5864594,2.77,31098243069.0,3107600000.0,2.0389178,7.26,1.1804037784774957,0.9196147434710131
40.75,6.58,3.5857513,6.0,61536606173.0,23541000000.0,0.5633218,1.33,1.147484662576687,0.7833128834355829
96.31,21.17,2.7198548,4.6,14554321748.0,1201517000.0,1.212236,4.33,1.1187830962516871,0.8291973834492783
78.22,8.16,2.754954,9.95,108106822109.0,17590000000.0,5.2087464,4.12,1.1447200204551267,0.815124009204807
100.59,27.86,0.037622273,1.58,16920023264.0,960345000.0,5.775833,4.73,1.1259568545581071,0.7602147330748583
246.35,12.44,1.1668612,8.61,96978500251.0,0.0,2.309415,1.25,1.1113862390907248,0.8509031865232394
30.75,9.92,1.6731402,4.74,8244568238.0,2044000000.0,0.72725976,1.65,1.2097560975609758,0.936910569105691
258.6,22.57,1.9700643,10.02,14639308205.0,1279846000.0,1.3995146,8.1,1.1529195668986851,0.5993812838360402
47.41,38.86,1.4489837,-0.53,43356557470.0,2910000000.0,2.1424224,4.74,1.2204176334106729,0.8053364269141531
19.57,10.04,2.7322404,1.41,8006268615.0,926153000.0,1.6339768,6.17,1.3147675012774656,0.9657639243740418
47.54,13.7,3.0218647,2.98,8158949890.0,1058817000.0,1.66195,4.31,1.3336137989061843,0.9364745477492639
149.84,26.38,1.4922442,4.43,18140726600.0,1368000000.0,2.9516637,5.88,1.0722770955686065,0.6951414842498664
53.34,14.34,1.7901897,2.27,19926305632.0,0.0,1.3939538,1.15,1.1098612673415822,0.8689538807649043
96.48,20.57,2.2304833,4.34,12732072001.0,1028425000.0,3.2375681,5.82,1.2043946932006633,0.9112769485903814
95.97,14.07,1.4227642,5.94,34449052800.0,8202000000.0,0.7251921,,1.1132645618422423,0.741690111493175
22.64,10.99,6.330197,1.33,10967755538.0,1412684000.0,8.127109,1.97,1.4871908127208482,1.0070671378091873
64.87,-54.51,4.1499925,-1.2,7345243806.0,483673000.0,3.7385862,1.62,1.1564667797132726,0.6499152150454754
70.85,19.85,0.0,3.1,11452961984.0,1033985000.0,1.262194,3.74,1.319618913196895,0.9213832039520113
43.0,-9.33,2.2670596,-19.94,14016129999.0,-819000000.0,3.780475,1.08,1.2902325581395349,0.8662790697674418
15.04,11.57,1.9280206,0.21,24800859640.0,3683000000.0,1.4609766,1.06,1.6542553191489362,0.852061170212766
78.66,36.42,0.7315289,1.05,26242415796.0,2815000000.0,3.7628453,17.67,1.1201372997711672,0.709255021612001
38.8,19.21,0.0,2.64,11181493750.0,1561000000.0,4.80335,4.0,1.2061855670103092,0.9216494845360825
181.22,28.1,1.8610487,6.46,223378633329.0,16513000000.0,2.8964398,84.08,1.145596512526211,0.754993930029798
146.02,20.68,1.9710299,2.08,114422168609.0,8333000000.0,2.8267899,5.71,1.1308724832214765,0.8170798520750582
32.21,20.39,2.2907758,1.57,17338613096.0,1422305000.0,2.5174792,3.49,1.1797578391803787,0.9236262030425334
18.75,11.23,4.1131105,1.02,14394715334.0,1547000000.0,3.5549128,2.02,1.1482666666666668,0.9205333333333334
19.92,12.07,2.6270628,1.49,34895294088.0,3700000000.0,0.8954903,0.66,1.2098393574297188,0.7725903614457831
262.37,22.39,0.6040015,4.06,36973617235.0,0.0,0.9256895,3.33,1.118077524107177,0.7203948622174791
15.1,15.41,2.8132992,1.0,16766497291.0,0.0,3.5112102,1.72,1.094701986754967,0.8039735099337749
225.37,18.75,1.2264713,12.15,10628247899.0,1107000000.0,1.8924941,6.04,1.1245507387851088,0.8138616497315525
169.28,53.57,0.0,2.94,15422885020.0,478307000.0,7.97525,196.21,1.1739721172022684,0.8307537807183365
43.73,26.19,0.0,1.0,17969275816.0,1018900000.0,5.0604,2.24,1.1248570775211526,0.8648525040018294
156.15,23.62,1.9089574,4.86,55994378108.0,3924000000.0,3.9286149,10.99,1.1467819404418826,0.8102465577969901
209.54,52.25,0.0,4.92,32295200000.0,1192000000.0,11.713953,10.89,1.1881740956380644,0.7541295218096783
83.92,-119.89,0.0,0.54,18220961259.0,-81686000.0,17.02699,10.25,1.824952335557674,1.0034556720686367
87.6,19.38,1.9739007,5.07,22785450609.0,1987100000.0,1.6147361,3.34,1.1149543378995435,0.8819634703196348
42.75,12.32,2.6548672,1.98,211536000000.0,26247000000.0,3.348876,3.34,1.1894736842105262,0.7773099415204677
67.0,22.95,5.4298644,2.37,41373051167.0,3103000000.0,9.619987,2.62,1.1363850746268656,0.8477611940298507
147.59,10.67,3.8999026,6.11,142433003505.0,16557000000.0,1.817167,7.7,1.2384985432617386,0.9426790432956161
56.05,15.57,3.206751,5.14,24465996443.0,3004000000.0,1.0738261,4.99,1.1942908117752007,0.8849241748438894
21.34,15.46,3.3802817,1.49,8277363031.0,1074900000.0,1.4712903,4.01,1.2047797563261482,0.8575445173383318
138.0,24.17,1.9341276,5.05,11270040447.0,699963000.0,4.4208813,6.34,1.1405797101449275,0.8427536231884057
152.75,40.52,0.96720195,3.72,41233771565.0,1654000000.0,9.633731,33.5,1.1167921440261865,0.7325695581014731
381.87,48.58,0.0,5.67,44866621303.0,1153700000.0,14.655261,9.48,1.1836488857464582,0.6104339958624663
31.92,11.87,3.466826,2.74,13620847614.0,1606200000.0,2.6513786,1.62,1.2039473684210527,0.9197994987468671
95.23,21.74,0.0,0.76,20426488713.0,1542000000.0,2.8477087,2.77,1.1621337813714165,0.7974377822114879
32.07,15.42,7.08258,0.46,9410249279.0,1116140000.0,3.2898626,4.97,1.2949797318366074,0.9993763642033052
114.81,30.62,0.8139042,6.19,12945366350.0,1007309000.0,1.7697402,8.55,1.1017332984931625,0.7259820573120808
62.82,19.45,0.9089532,2.43,9326484316.0,409832000.0,1.2129636,2.01,1.1489971346704873,0.7849411015600127
118.37,15.35,2.6036885,5.1,13612394896.0,1411300000.0,2.496677,1.88,1.213821069527752,0.841133733209428
126.36,17.31,2.5566885,0.39,353062464971.0,22430000000.0,4.6326222,4.74,1.1737891737891737,0.895457423235201
36.55,14.0,2.7659574,1.71,34822224800.0,4295000000.0,1.1415336,1.69,1.213953488372093,0.944186046511628
107.88,15.43,1.9845841,6.3,386613611000.0,0.0,3.3714993,1.6,1.0878096032628848,0.756720430107527
24.66,14.09,1.5754234,0.78,9267350000.0,1115500000.0,1.8543326,1.78,1.2554744525547445,0.9679643146796432
103.53,19.8,1.3445379,9.16,11037040988.0,1295400000.0,4.281897,2.39,1.1093402878392735,0.7875977977397857
65.98,16.5,3.363962,1.95,22182794875.0,1827000000.0,2.3173764,11.5,1.16232191573204,0.8905729008790542
20.08,14.66,1.9876952,1.12,22589744920.0,0.0,3.270451,1.55,1.106573705179283,0.810756972111554
111.69,17.93,3.5599859,6.41,39449596000.0,4033000000.0,2.1947837,151.66,1.2195362163130092,0.9819142268779658
14.01,9.28,7.7134986,0.8,6180487499.0,701190000.0,7.0508943,1.2,1.795146324054247,1.0228408279800143
16.8,25.07,2.891845,0.01,38612712234.0,5981000000.0,2.823936,1.07,1.3541666666666665,0.9857142857142855
98.54,16.59,2.2988505,5.88,16078622033.0,1506642000.0,4.3395863,12.93,1.2345240511467424,0.8760909275421148
60.34,16.01,3.4965036,3.12,10570861198.0,2286000000.0,0.8557757,2.04,1.1458402386476632,0.5826980444149816
71.58,20.11,3.3990483,2.81,89618309338.0,7832000000.0,4.6780853,1.54,1.3658843252305113,1.0065660799105896
27.57,13.07,1.7301039,2.05,25471355847.0,5342000000.0,0.27961263,4.02,1.2604280014508524,0.7141820819731592
47.77,12.77,4.886988,3.98,13862042842.0,2329000000.0,1.7060977,1403.38,1.3209127067196984,0.7326774126020514
198.79,23.14,1.4444605,8.51,16229343134.0,1137000000.0,1.4884604,3.12,1.100181095628553,0.8020021127823331
165.46,17.79,0.0,7.02,17271388000.0,1861200000.0,2.2459624,2.71,1.0982412667714252,0.787453160884806
162.23,16.29,1.1652974,9.22,27967534829.0,2967218000.0,3.0405293,4.52,1.3542501386919805,0.6977636688651915
43.99,17.88,3.1454785,2.76,6034600480.0,447000000.0,2.0302901,4.89,1.2496021823141623,0.9547624460104569
59.11,15.35,0.26268265,3.38,14615967194.0,1405319000.0,1.1468264,1.76,1.220944002706818,0.7384038741329724
23.86,15.39,1.5993602,0.33,8910389431.0,2201336000.0,1.0410156,0.84,1.1860854987426657,0.9316848281642918
74.21,17.34,2.9327424,-0.2,84475986228.0,3459800000.0,3.754678,5.73,1.2005120603692225,1.0202129093114136
73.86,9.49,1.6813145,9.24,17123031000.0,0.0,1.201944,1.04,1.173571621987544,0.8319794205253183
38.86,21.35,0.0,1.5,12469931896.0,1065614000.0,1.723609,3.02,1.1286644364384972,0.7166752444673187
334.3,24.28,2.315954,6.83,98102120000.0,7115000000.0,1.8781451,45.55,1.0822315285671553,0.7669757702662279
46.05,15.99,4.5131636,1.93,16111166935.0,0.0,1.5809761,0.85,1.1637350705754617,0.9774158523344191
95.01,23.87,1.6413131,3.46,82909678852.0,7858000000.0,1.5653384,14.1,1.1470371539837911,0.7447637090832544
105.79,10.35,3.264714,12.25,43556650000.0,6851000000.0,1.3037612,5.86,1.152755458928065,0.7374042915209377
178.35,18.91,1.6218846,8.69,27840827434.0,0.0,4.6277885,1.79,1.0869077656293804,0.7912531539108495
58.36,14.81,4.9177604,3.43,8473119166.0,503183000.0,11.394877,2.24,1.194825222755312,0.8930774503084304
24.0,7.67,6.098546,1.98,7541063495.0,2446000000.0,0.45503208,1.69,1.4054166666666665,0.7252083333333333
15.68,-32.0,1.2247398,-2.65,13875005314.0,2266000000.0,4.6578755,,1.2448979591836735,0.6728316326530612
62.79,16.06,2.8268552,6.85,31633740000.0,5978000000.0,0.42713487,2.43,1.1710463449593884,0.7547380156075808
133.88,32.73,0.9452879,2.67,50910130358.0,2620000000.0,2.9997249,11.02,1.1145055273379147,0.637679265013445
79.31,20.23,1.8257059,2.87,41819440000.0,3236000000.0,2.9848945,5.85,1.0911612659185475,0.8741646702811751
208.42,30.38,0.8042038,6.63,13756812736.0,975223000.0,4.416998,3.03,1.1722483446886096,0.9168505901544958
40.7,22.12,0.98383695,1.47,13428792315.0,1179000000.0,2.308266,11.93,1.141154791154791,0.7687960687960688
160.62,34.99,0.5926628,3.65,187102014193.0,7113000000.0,15.020556,26.93,1.1026646743867514,0.6586975470053542
16.0,-14.68,0.0,-3.06,5843402350.0,-203599000.0,1.1863722,3.87,1.64375,0.794375
101.36,23.91,2.0261056,3.73,13459353253.0,815700000.0,2.7788277,5.2,1.08198500394633,0.8903906866614049
158.97,23.83,2.437994,6.36,132101623787.0,10515400000.0,5.770237,146.07,1.124111467572498,0.7822859659055168
150.23,11.68,0.8898776,22.74,31534840262.0,7232000000.0,0.15318617,2.68,1.1905744525061575,0.8907674898488984
78.38,17.04,2.2618315,2.89,110107062300.0,9204000000.0,4.944542,2.14,1.1446797652462364,0.9624904312324573
54.73,13.75,3.435934,1.4,152241530340.0,8715000000.0,5.0893345,4.02,1.220537182532432,0.9799013338205739
44.28,8.52,3.4587116,0.63,48679364276.0,0.0,1.0496864,0.85,1.2777777777777777,1.0067750677506775
601.0,35.56,0.0,14.24,16420774443.0,666706000.0,8.372307,31.69,1.1601663893510814,0.7642928452579034
33.5,29.65,1.2687428,1.92,19633674337.0,2680385000.0,2.2276719,3.09,1.1465671641791044,0.7507462686567163
60.03,14.29,0.0,3.31,10053919023.0,456600000.0,3.1455927,5.4,1.1652507079793437,0.5393969681825754
79.9,21.77,1.7512966,0.66,19393095636.0,997492000.0,7.4475183,5.9,1.2411764705882353,0.8730913642052566
40.0,9.01,0.0,4.36,48576791974.0,12541000000.0,2.1912806,2.02,1.24725,0.5660000000000001
85.01,25.76,1.8747908,2.97,689978437468.0,41079000000.0,7.1130967,9.49,1.1301023409010704,0.7436772144453593
85.39,14.38,4.19652,2.86,9992628990.0,871483000.0,6.6291075,1.6,1.2993324745286334,1.0182691181637193
256.57,19.08,0.0,12.48,19897356456.0,1750393000.0,2.7977824,2.88,1.1180184744903927,0.8181003234984605
74.51,17.66,2.1533613,9.27,12396862128.0,4708400000.0,1.2371694,1.34,1.3708227083612936,1.0171789021607838
42.68,19.85,1.9977299,1.91,65827817742.0,4355000000.0,2.5708609,2.52,1.1066073102155576,0.9182286785379569
119.08,21.53,1.7938709,5.09,53076824328.0,4217000000.0,3.589782,7.96,1.0341787033926773,0.8983036614040981
61.99,42.17,0.0,1.19,36403831015.0,1229478000.0,14.152587,9.56,1.1326826907565737,0.6617196321987417
152.14,26.55,1.114065,1.35,30189978000.0,1238000000.0,9.932974,73.84,1.0991849612199291,0.699881687919022
51.79,14.23,1.8331805,3.09,97535400000.0,0.0,2.2258842,1.33,1.1208727553581772,0.7735083993048851
98.74,19.03,2.0266979,-1.08,16626039679.0,1629000000.0,2.6092634,6.81,1.0915535750455743,0.7821551549524003
39.25,8.35,0.0,0.93,21698849265.0,3113300000.0,2.5358944,1.63,1.218343949044586,0.7487898089171975
75.21,17.78,1.9671283,4.32,12844304115.0,1212000000.0,3.2591083,2.25,1.1074325222709749,0.8772769578513496
32.64,-77.71,0.5873715,-6.4,12940096785.0,353000000.0,2.5209634,0.91,1.2835477941176472,0.9160539215686274
13.38,7.56,4.5584044,1.01,3692691330.0,0.0,0.6986579,1.02,1.2683109118086695,0.8580717488789237
55.85,26.1,1.3881658,1.81,15375210915.0,1075000000.0,3.6687026,5.46,1.1469991047448522,0.6701880035810206
250.1,200.08,0.0,1.25,114805404842.0,809028000.0,9.861594,30.8,1.146781287485006,0.5528188724510196
27.91,9.72,3.1228786,1.17,14438346000.0,2021400000.0,1.2810479,1.01,1.9734862056610534,0.8545324256538875
26.38,13.12,0.0,-6.5,5695123080.0,896000000.0,4.703259,4.51,1.658074298711145,0.9253222137983321
36.61,26.34,0.8101539,-1.18,19749449484.0,1509000000.0,3.7076392,1.81,1.1483201311117182,0.8582354547937723
15.65,43.47,1.24533,-1.28,9356906461.0,679000000.0,1.5518167,0.85,1.1047923322683706,0.7667731629392971
15.85,44.03,1.2269939,-1.28,9496735699.0,679000000.0,1.5718216,0.86,1.1167192429022081,0.7791798107255521
145.29,21.65,2.6537917,11.39,69661177770.0,9018000000.0,4.091698,2.75,1.0987679812788216,0.8547043843347788
33.9,18.73,3.6208732,1.39,13377670080.0,1836000000.0,2.7288198,3.02,1.3489675516224189,1.0094395280235988
62.49,24.9,1.2189548,2.51,106776113744.0,5162000000.0,3.0549932,8.91,1.1014562329972795,0.8057289166266602
22.51,19.57,3.3780859,1.02,7776566371.0,1448600000.0,2.2361343,1.82,1.233229675699689,0.974233673922701
25.43,105.96,1.4771049,-2.32,13177325251.0,-518000000.0,4.6976447,1.44,1.5572158867479355,0.9038537160833661
47.23,15.04,3.0020285,2.02,8212509855.0,1448000000.0,0.74603415,9.1,1.1221681134871904,0.8001778530594962
136.89,20.65,2.018503,18.73,40543547441.0,4737000000.0,3.8525908,3.09,1.148001314924392,0.7982321572065162
96.2,19.96,1.6678249,4.92,22908130223.0,0.0,4.031728,2.44,1.132120582120582,0.8645530145530146
324.01,24.4,1.3030859,11.47,58782413951.0,3884000000.0,2.209576,7.96,1.077682787568285,0.7159655566186228
56.01,15.35,0.0,2.78,13191507318.0,1529401000.0,3.2066104,2.35,1.0976611319407248,0.8384217104088556
24.0,17.78,1.4195584,-2.23,8030036023.0,1774000000.0,0.9933021,6.73,1.2408333333333335,0.605
60.38,17.01,2.415766,4.1,20003317128.0,2648729000.0,0.99837583,2.34,1.1672739317654852,0.8557469360715468
217.52,82.08,0.26223776,2.57,138652800000.0,3098000000.0,20.094294,20.39,1.1459635895549833,0.4375229863920559
252.22,21.91,0.0,10.73,21433781860.0,1965187000.0,3.1934319,34.12,1.1070890492427248,0.6717548172230593
68.47,195.63,4.4081864,-0.75,53467692395.0,5205000000.0,6.044895,,1.1404994888272237,0.835402365999708
75.91,15.27,3.1838684,4.79,17377551986.0,2366000000.0,1.5327156,6.66,1.1422737452246081,0.8604926887103148
54.4,34.0,5.4436197,1.66,21988472489.0,1851783000.0,2.6159565,4.03,1.1279411764705882,0.8665441176470589
46.84,18.81,1.5551463,2.2,202302349740.0,16545000000.0,5.2561646,3.56,1.1345004269854824,0.8541844577284371
66.98,15.72,1.455816,4.75,24152102921.0,3619200000.0,1.28693,3.07,1.189758136757241,0.9246043595103015
111.95,18.57,2.1514556,7.07,11051273948.0,1214900000.0,1.741522,5.54,1.1713407771326485,0.790263510495757
174.51,21.6,1.4401833,7.24,24421668509.0,2092089000.0,1.8652664,4.39,1.219414360208584,0.8330754684545298
32.88,14.05,3.0723782,1.79,3209792400.0,359644000.0,0.7872792,2.34,1.4688260340632602,0.9753649635036495
61.86,27.49,3.0892801,2.26,23253666810.0,1414900000.0,7.248487,11.77,1.181700614290333,0.8761720012932429
72.32,49.53,0.0,1.47,90708000000.0,2932000000.0,6.935696,5.81,1.1935840707964602,0.5519911504424779
66.67,18.89,2.03933,3.63,12466660892.0,863700000.0,2.5191512,2.48,1.1225438728063597,0.864406779661017
18.56,18.02,3.59375,0.97,6527616000.0,0.0,3.9272704,1.17,1.0851293103448276,0.8601831896551725
110.15,21.51,2.8370044,4.36,161413271020.0,12843000000.0,3.6705062,,1.1122106218792556,0.9511575124829776
72.06,24.68,0.3695394,2.64,8351767268.0,445658000.0,3.7116463,3.25,1.1724951429364416,0.7303635859006383
84.44,,0.73126143,-28.01,12326379902.0,0.0,3.3850067,2.03,1.1360729512079584,0.7541449549976315
33.63,12.69,3.8879359,3.51,208505541949.0,20569000000.0,4.0020885,3.4,1.1724650609574783,0.9417187035385073
38.24,8.75,0.0,2.78,20309412381.0,6471000000.0,1.5730644,1.09,1.8716004184100417,1.0054916317991631
100.39,22.36,4.328479,4.48,153580671803.0,11802000000.0,2.7574685,1318.7,1.2307002689510906,0.962844904871003
92.44,21.11,2.928564,9.93,47996220000.0,5311000000.0,0.47499472,2.12,1.1625919515361316,0.8127974902639551
74.34,16.06,3.698776,3.95,8397609889.0,1614399000.0,2.9931207,1.65,1.2440139897767017,0.9928705945655099
169.16,118.29,0.1816118,-3.39,29983119693.0,1717000000.0,6.7890477,2.76,1.1813076377394185,0.7416646961456609
149.38,17.55,1.9354838,10.4,73315000000.0,0.0,4.04653,1.53,1.0715624581603962,0.7715222921408489
101.32,17.74,1.8570102,-1.19,8753430477.0,506100000.0,1.3948758,2.44,1.177753651796289,0.6519936833793921
110.3,18.73,1.5771489,6.31,29043337549.0,2585000000.0,1.9551051,4.83,1.1067062556663645,0.9027198549410698
29.52,12.83,5.2196894,2.79,20839814845.0,3937000000.0,3.7497053,1.95,1.3617886178861789,0.9893292682926829
144.07,24.63,2.1998534,4.32,42948664203.0,3632000000.0,3.887915,6.88,1.1588116887624071,0.8019018532657737
1806.06,24.26,0.0,42.66,91817448863.0,4803487000.0,9.176564,6.92,1.1450284043719476,0.8798157314817892
60.38,11.96,3.1914895,4.5,18457199721.0,0.0,1.7167546,1.53,1.2518217952964557,0.9761526995693938
80.22,20.46,3.3704789,5.6,206318943299.0,17249000000.0,3.1595004,3.85,1.180129643480429,0.9985041136873597
51.07,20.76,2.1061797,2.73,31062780000.0,0.0,1.1458876,3.25,1.1405913452124534,0.7213628353240651
58.33,20.76,2.931379,3.06,31953288000.0,2969194000.0,14.380373,2.11,1.1577232984741985,0.834733413337905
103.38,9.99,2.6985698,9.73,47136080000.0,0.0,1.083727,0.93,1.2298316889146836,0.946798220158638
46.73,16.11,3.60587,1.75,24138050331.0,3613000000.0,3.4491453,1.88,1.140166916327841,0.8917183821955917
180.49,18.21,4.316159,6.81,32258539942.0,1924803000.0,16.16417,6.56,1.2865532716493988,1.0024123220122998
28.67,12.86,1.2036108,1.44,8792572352.0,992811000.0,1.0341544,1.99,1.2281130101151028,0.7345657481688175
142.68,20.98,0.100529455,6.77,11478625926.0,1057500000.0,1.7617522,2.14,1.1070927950658818,0.5924446313428652
76.85,19.71,0.0,-0.13,9877885146.0,806875000.0,3.389142,1.98,1.1091737150292778,0.8156148340923878
62.42,16.51,3.5055351,1.65,96282828902.0,4191000000.0,4.263658,3.82,1.1099006728612624,0.7837231656520346
33.51,17.54,0.0,1.28,5330131216.0,649404000.0,0.77893436,1.43,1.1968069233064758,0.9021187705162639
96.42,17.07,1.9884669,5.5,13578300000.0,1453000000.0,1.7709883,2.82,1.1715930304915994,0.934453432897739
12.82,35.61,0.6097561,-2.79,3255587970.0,820095000.0,1.9624339,0.59,2.659126365054602,0.9906396255850233
86.06,16.94,1.0982976,4.12,13216271700.0,0.0,1.9734555,2.34,1.1515221938182663,0.8290727399488728
198.74,25.78,1.5612764,6.95,59066255840.0,3868000000.0,2.2938328,5.28,1.0740163027070544,0.7439871188487471
47.56,15.54,5.372036,1.12,13784942453.0,1075568000.0,15.588069,1.92,1.3372582001682085,1.0279646761984862
124.65,79.9,0.0,1.68,22799923883.0,541809000.0,8.202077,15.69,1.0892097874047333,0.6296028880866426
55.58,15.27,3.6850338,1.43,9858367494.0,487636000.0,13.762162,1.51,1.2963296149694135,1.0194314501619288
322.62,27.93,0.0,7.74,35950369241.0,2043160000.0,8.48541,5.89,1.684805033785878,0.9903291798400595
17.9,17.9,1.8987342,1.0,21500640000.0,0.0,3.474771,1.32,1.111731843575419,0.7262569832402235
62.72,26.13,2.1362228,1.77,21590903863.0,2734000000.0,2.8841186,2.83,1.1065051020408165,0.9172512755102041
89.26,31.54,1.5120423,2.41,13233622689.0,636942000.0,6.1640687,6.61,1.1738740757338113,0.7510643065202779
52.26,20.18,1.7075773,2.32,7047165475.0,565196000.0,1.3330402,5.98,1.1593953310371221,0.821278224263299
178.73,26.48,1.7692552,6.35,24123216432.0,1323200000.0,3.760594,10.94,1.178985061265596,0.8262183181334974
133.31,22.29,0.9748892,4.8,22197870556.0,1696000000.0,3.781273,3.46,1.047408296451879,0.6743680144025205
259.4,27.57,0.61985797,9.38,27247789759.0,1555209000.0,5.9715905,4.23,1.1195643793369316,0.7371626831148805
75.06,26.52,0.82061803,2.83,29803566306.0,2247009000.0,2.9734495,10.28,1.141220357047695,0.7041033839594991
122.45,16.26,1.8674136,7.53,27418147452.0,2876309000.0,3.1026611,2.56,1.1077991016741526,0.7627603103307473
173.31,27.38,1.0947506,7.95,46585950000.0,3021000000.0,10.254704,50.56,1.0696439905371877,0.7191737349258553
104.03,520.15,0.0,0.27,79489115000.0,925804000.0,10.3738785,8.81,1.1008362972219552,0.7654522733826781
159.85,199.81,0.0,0.62,19572031314.0,1074240000.0,15.189207,91.04,1.1114795120425398,0.6475445730372225
35.6,8.75,6.6830335,4.16,5229448882.0,1459000000.0,1.651705,0.92,2.002247191011236,0.9918539325842697
67.4,44.93,2.8673835,-1.08,96529311126.0,3222000000.0,3.2297828,2.64,1.2271513353115726,0.9053412462908011
86.46,16.04,1.3761468,5.18,11328642413.0,1351059000.0,4.374079,4.22,1.0278741614619478,0.7502891510525099
47.44,11.51,5.085772,2.58,14113197720.0,1811000000.0,1.3048558,13.33,1.1899241146711637,0.6450252951096122
42.62,21.31,1.4427412,2.46,8001938397.0,969700000.0,2.4700067,10.55,1.1877053026748006,0.9671515720319099
103.36,19.14,3.1607263,5.45,26163862235.0,3763000000.0,3.15303,1.98,1.1897736068111455,0.9735874613003096
387.65,26.75,0.8426688,18.61,37730994828.0,2160668000.0,2.5276077,13.42,1.1225332129498258,0.779079324132594
49.38,6.65,2.4730754,7.03,3034275549.0,852700000.0,0.7564699,1.38,1.5783718104495745,0.9333738355609559
152.18,13.56,5.0368075,6.25,48139839531.0,4411515000.0,8.754495,13.24,1.2311078985412012,0.9866605335786568
99.04,16.45,1.2629502,5.41,18493080922.0,1122900000.0,6.9704437,4.25,1.1879038772213246,0.9140751211631664
90.61,14.07,3.4998922,0.88,8617714345.0,795889000.0,6.5820084,1.32,1.2729279328992384,1.0065114225802891
156.72,15.81,1.968433,9.2,9499107736.0,982200000.0,3.5114813,3.21,1.1834481878509444,0.8986089841755999
43.4,15.78,5.3530226,2.53,43497224128.0,6012000000.0,2.5080602,1.82,1.2329493087557604,0.9822580645161291
55.63,15.89,0.863707,5.82,34351211637.0,4533000000.0,1.6294897,3.84,1.2041164839115583,0.8944813949307927
152.86,20.57,1.5775635,8.05,24496399600.0,2264600000.0,1.944325,3.34,1.1554363469841684,0.7921627633128352
53.77,25.98,2.203452,1.97,76548976000.0,7361500000.0,3.4392443,13.36,1.2064348149525759,0.9778687000185976
98.54,15.35,1.6228749,5.23,38059113300.0,0.0,3.263072,1.95,1.1596306068601583,0.7638522427440633
70.55,16.26,0.0,2.08,6218560288.0,305085000.0,2.2607324,2.15,1.2473423104181431,0.8681785967399008
148.01,23.46,1.2234008,2.68,57509096756.0,2863000000.0,4.635566,5.54,1.1485710424971287,0.8243361935004393
65.8,16.25,2.3185046,4.48,32498948310.0,0.0,3.3089445,1.38,1.0951367781155017,0.7896656534954408
25.59,39.37,1.1286682,-0.17,16520497264.0,1227000000.0,3.5516493,3.36,1.3364595545134819,1.0023446658851114
34.98,13.35,1.6,2.41,28893750000.0,0.0,2.1096623,1.97,1.1603773584905663,0.7435677530017154
82.62,67.72,0.0,0.87,12767067883.0,579844000.0,6.276264,3.98,1.147421931735657,0.7837085451464536
57.0,22.98,2.4644873,2.08,30445320778.0,2988725000.0,0.7295535,13.4,1.1275438596491227,0.8570175438596491
101.99,19.92,2.140443,4.75,25810865035.0,2281400000.0,7.3911157,4.61,1.1772722815962349,0.6539856848710659
48.85,,0.0,2.09,14247199374.0,0.0,4.0785494,4.35,1.0380757420675537,0.7510747185261002
71.11,14.19,3.3856654,4.71,39816696539.0,7105000000.0,0.8047394,3.45,1.106736042750668,0.6828856700885951
95.27,19.72,1.6062645,4.71,34983666316.0,2797000000.0,2.5734365,3.6,1.1360344284664639,0.7550120709562298
29.1,18.77,1.7060367,0.0,14163064455.0,540167833.42,1.561575,1.06,1.2027491408934707,0.8429553264604811
97.66,24.05,2.4318495,3.6,100262526470.0,7013000000.0,6.9572234,9.32,1.236432520991194,0.7630554986688511
55.54,22.13,0.1381454,1.14,15254672353.0,1454000000.0,1.0645695,2.57,1.1197335253871084,0.8102268635217861
53.29,14.76,1.7347307,3.73,56083904906.0,0.0,3.3834257,1.49,1.1069619065490712,0.8427472321261024
127.76,23.44,2.6286967,5.33,16540418002.0,1295000000.0,2.798683,21.62,1.177207263619286,0.9712742642454603
223.17,22.96,0.026033757,7.52,11297958140.0,615700000.0,6.8538465,3.57,1.1488551328583592,0.8380158623470898
97.65,20.51,2.6494346,3.66,20867272020.0,1404123000.0,2.8396711,25.64,1.1929339477726573,1.0122990271377368
24.13,23.66,0.3960396,0.85,9726962131.0,1165100000.0,1.8161958,0.94,1.4239535847492748,0.7969332780770825
135.01,16.48,2.0261714,7.31,38903131815.0,0.0,1.33382,1.63,1.1151025849937044,0.8426042515369233
101.35,17.78,1.6036655,5.7,157817273295.0,12544000000.0,3.9635563,3.82,1.1455352738036508,0.9491859891465221
198.73,21.84,0.3276319,5.6,83226586345.0,4751300000.0,4.015666,3.38,1.1394354148845167,0.7632969355406833
99.62,27.0,1.9402406,3.55,12810515320.0,949500000.0,4.516748,3.97,1.1186508733186107,0.7822726360168641
93.02,15.35,1.6927768,6.62,74185800000.0,7671000000.0,2.3735986,2.73,1.1169640937432812,0.9232423134809719
74.36,21.01,1.64042,3.46,48181450881.0,4600216000.0,1.9293598,10.35,1.0954814416352878,0.893491124260355
80.52,17.02,0.7204611,4.5,9614412169.0,0.0,3.1079664,1.88,1.1623820168902137,0.9131892697466468
81.17,25.85,0.6091133,3.16,15694951118.0,1097534000.0,3.175548,6.57,1.107798447702353,0.6278181594185044
65.94,19.57,1.6030874,3.3,8459271203.0,859519000.0,1.1642125,6.01,1.253867151956324,0.7562936002426448
283.0,23.76,0.0,7.92,15241203731.0,1635916000.0,4.268832,,1.135618374558304,0.7198586572438163
40.05,58.04,0.0,0.81,5700998508.0,234000000.0,4.5925775,3.49,1.3305867665418227,0.7365792759051186
34.56,17.81,0.9983361,1.59,44027094922.0,5280000000.0,2.1080317,4.11,1.132378472222222,0.7178819444444443
34.09,17.57,1.0084034,1.59,66135313503.0,5280000000.0,3.1654842,4.04,1.1311234966265766,0.7128190085068935
73.92,13.92,1.6353229,4.79,26957526800.0,2521000000.0,0.93730986,2.55,1.1451569264069266,0.7738095238095238
52.65,15.35,2.189781,3.52,90940115897.0,0.0,3.7773547,2.09,1.1111111111111112,0.9408357075023741
32.92,17.79,3.668639,1.08,9050154422.0,665141000.0,12.365829,3.27,1.2366342648845685,1.0118469015795868
209.09,32.07,0.0,6.52,13300000127.0,1002093000.0,3.3779113,8.04,1.5058587211248744,0.8989430388827778
13.14,32.05,0.0,0.45,5856913571.0,399277000.0,1.602308,2.72,1.7853881278538812,0.867579908675799
11.95,29.15,0.0,0.45,5366628950.0,399277000.0,1.4738787,2.5,1.8246861924686193,0.8669456066945607
124.86,22.06,2.062655,13.52,101513290382.0,10169000000.0,4.8605075,,1.1456831651449624,0.8093865128944417
63.37,8.85,0.0,7.05,19363059152.0,5929000000.0,0.5020496,2.09,1.3103992425437907,0.8917468833833044
216.46,21.47,1.3284917,10.71,218834811333.0,17454000000.0,1.0903316,4.71,1.1585974313961007,0.7229511226092581
109.28,18.27,2.9666696,5.62,96436356833.0,7919000000.0,1.4744618,64.7,1.2402086383601756,0.934480234260615
161.99,16.33,0.0,15.72,14654954091.0,2760000000.0,2.1782618,4.53,1.166738687573307,0.6211556268905487
127.48,19.26,2.1216943,5.7,105387272474.0,10584000000.0,1.7324123,3.4,1.0922497646689677,0.8397395669909005
114.87,15.36,0.34153005,7.14,11116075286.0,1676204000.0,1.3158662,2.21,1.1294506833812137,0.829285279011056
47.87,11.51,1.8189007,4.38,11256432318.0,0.0,0.9984924,1.19,1.2268644244829747,0.9097555880509713
78.75,25.9,2.2865665,2.55,31797645904.0,1624441000.0,3.7110944,7.89,1.0533333333333335,0.6101587301587301
86.77,18.74,3.5618877,9.24,39312309113.0,5401000000.0,0.4211918,1.93,1.1518958165264492,0.6994352886942492
112.82,29.93,0.0,2.69,10692681720.0,500600000.0,3.9652252,7.32,1.1548484311292324,0.688973586243574
50.92,12.21,5.965641,1.86,18865999082.0,1935931000.0,7.0740495,1.76,1.4210526315789473,1.0172820109976433
105.62,29.5,0.0,3.43,10754983829.0,767864000.0,12.401829,10.82,1.119863662185192,0.7685097519409203
92.28,28.84,0.0,3.45,15594677147.0,1011200000.0,9.935474,9.34,1.0895101863892502,0.8192457737321196
49.04,13.08,4.626544,7.36,208092277044.0,45745000000.0,1.6452544,7.96,1.1168433931484503,0.8727569331158238
151.6,252.67,0.0,1.04,39369386348.0,97562000.0,16.185404,21.91,1.15405672823219,0.5566622691292876
32.71,8.68,2.622091,4.68,10601008017.0,5600000000.0,1.0924768,2.08,1.4283093855090185,0.6765515132986853
113.86,32.72,0.70204765,2.8,270038723213.0,13086000000.0,14.433654,9.4,1.114350957316002,0.7454769014579308
66.18,16.22,3.744428,4.33,12778779911.0,0.0,7.1491003,3.63,1.6881233000906617,0.9974327591417345
121.47,40.9,0.7797879,3.1,16964162228.0,970976000.0,5.7576876,3.54,1.1624269366921873,0.8969292829505228
100.02,23.1,1.983471,4.39,304680931618.0,30721000000.0,0.82099426,3.89,1.0995800839832035,0.6687662467506499
68.22,13.38,2.2368238,3.78,70862541911.0,7083000000.0,0.5904388,3.06,1.2899442978598652,0.9355027851070068
79.12,25.36,2.0800195,2.66,35488486675.0,3896000000.0,3.2787669,6.73,1.1341001011122345,0.8790444893832153
191.79,26.64,0.0,0.19,16064078572.0,773932000.0,6.9824114,6.15,1.1481307680275301,0.7609364408988999
59.5,19.57,3.691948,3.79,18890296993.0,2736500000.0,2.4834197,2.1,1.177983193277311,0.951764705882353
55.4,13.58,2.7111576,4.07,281463620775.0,0.0,2.8728192,1.58,1.1969314079422384,0.8893501805054153
54.67,12.74,6.1538463,2.81,20943679019.0,1908253000.0,6.725218,1.49,1.4298518383025425,1.011340771904152
80.09,10.19,2.389201,1.29,24760297793.0,5169000000.0,1.245503,2.0,1.1957797477837433,0.8912473467349231
18.81,10.17,3.5915854,0.51,8951609207.0,694600000.0,2.22677,12.65,1.180754917597023,0.977671451355662
60.93,23.26,2.6699784,2.77,16433340688.0,2262300000.0,1.075785,1.58,1.174298375184638,0.8079763663220089
33.6,34.29,3.7079954,0.77,26070297960.0,1365000000.0,3.6396794,2.9,1.1276785714285713,0.921142857142857
164.95,11.77,2.5652986,4.51,12177920000.0,1842000000.0,0.58064795,2.57,1.2306153379812066,0.9627159745377388
28.56,48.41,4.0,-0.57,24802396470.0,3955000000.0,4.2982845,3.01,1.178921568627451,0.9390336134453782
152.36,18.67,1.347058,3.07,20780269334.0,1440000000.0,3.4484663,2.1,1.082961407193489,0.7933118928852717
113.56,18.77,1.9541779,5.53,11993835688.0,1232000000.0,2.7332082,18.91,1.1268052131032054,0.7054420570623459
169.28,31.7,1.1279043,7.27,18225400525.0,1501301000.0,2.478658,51.69,1.2029182419659734,0.5474362003780718
42.44,18.14,3.3914273,2.21,21559611927.0,3885828000.0,2.520456,1.94,1.2304429783223374,0.9698397737983034
29.8,8.87,3.207184,0.59,7938833340.0,1191000000.0,0.7877656,1.49,1.2557046979865771,0.8939597315436242
62.82,27.19,2.0904882,2.32,17064975551.0,845468000.0,7.101206,7.22,1.229863100923273,0.8753581661891118
41.26,-19.93,2.0952382,-2.24,10753423590.0,0.0,0.84394187,0.97,1.1456616577799323,0.8184682501211828
70.24,30.94,1.1700794,1.83,12915021000.0,722000000.0,2.7262094,5.31,1.0935364464692483,0.6671412300683371
76.3,27.25,1.7970798,4.07,27003303098.0,2289000000.0,6.3136363,212.08,1.1393184796854523,0.8237221494102228
115.53,14.32,0.7948336,9.01,24454698119.0,2007400000.0,3.1648953,2.39,1.155457456937592,0.9362936033930581
50.71,17.73,1.480933,2.6,10670678640.0,0.0,3.7945793,1.42,1.096627884046539,0.7578386905935712
71.51,32.8,0.68237203,1.65,35991109776.0,1734000000.0,9.280896,18.09,1.1205425814571388,0.727171025031464
